featureid	ARMSno	reSequence	sequenceBatch	controlBy	fraction	deployDate	transferDate1	transferDate2	sampledDate	site1	site2	site3	water1	water2	water3	movment	daysInSite1	daysInSite2	daysInDite3	dayTotal	phase	treatment	filepath	forward-absolute-filepath	reverse-absolute-filepath	input	filtered	percentage of input passed filter	denoised	merged	percentage of input merged	non-chimeric	percentage of input non-chimeric
77_106	77	f	2	nc3	106	6/4/20			1/16/23	CDA	CDA	CDA	west	west	west	west-west-west	956			956	final	fBaseline	/lustre1/g/sbs_dmb/wilson/20240529_MG_exp1_all/2-raw/	/lustre1/g/sbs_dmb/wilson/20240529_MG_exp1_all/2-raw/77_106_1.fastq	/lustre1/g/sbs_dmb/wilson/20240529_MG_exp1_all/2-raw/77_106_2.fastq	122005	108737	89.13	106531	103500	84.83	100894	82.7
78_500	78	f	2	nc3	500	6/4/20			1/17/23	CDA	CDA	CDA	west	west	west	west-west-west	957			957	final	fBaseline	/lustre1/g/sbs_dmb/wilson/20240529_MG_exp1_all/2-raw/	/lustre1/g/sbs_dmb/wilson/20240529_MG_exp1_all/2-raw/78_500_1.fastq	/lustre1/g/sbs_dmb/wilson/20240529_MG_exp1_all/2-raw/78_500_2.fastq	125590	108325	86.25	107072	97088	77.31	91704	73.02
78_sessile	78	f	2	nc4	sessile	6/4/20			1/17/23	CDA	CDA	CDA	west	west	west	west-west-west	957			957	final	fBaseline	/lustre1/g/sbs_dmb/wilson/20240529_MG_exp1_all/2-raw/	/lustre1/g/sbs_dmb/wilson/20240529_MG_exp1_all/2-raw/78_sessile_1.fastq	/lustre1/g/sbs_dmb/wilson/20240529_MG_exp1_all/2-raw/78_sessile_2.fastq	133383	122036	91.49	119289	114214	85.63	109217	81.88
77_sessile	77	f	2	nc4	sessile	6/4/20			1/16/23	CDA	CDA	CDA	west	west	west	west-west-west	956			956	final	fBaseline	/lustre1/g/sbs_dmb/wilson/20240529_MG_exp1_all/2-raw/	/lustre1/g/sbs_dmb/wilson/20240529_MG_exp1_all/2-raw/77_sessile_1.fastq	/lustre1/g/sbs_dmb/wilson/20240529_MG_exp1_all/2-raw/77_sessile_2.fastq	142928	129315	90.48	127071	122662	85.82	118066	82.61
77_500	77	f	2	nc3	500	6/4/20			1/16/23	CDA	CDA	CDA	west	west	west	west-west-west	956			956	final	fBaseline	/lustre1/g/sbs_dmb/wilson/20240529_MG_exp1_all/2-raw/	/lustre1/g/sbs_dmb/wilson/20240529_MG_exp1_all/2-raw/77_500_1.fastq	/lustre1/g/sbs_dmb/wilson/20240529_MG_exp1_all/2-raw/77_500_2.fastq	191063	169989	88.97	168562	160619	84.07	153531	80.36
78_106	78	f	2	nc3	106	6/4/20			1/17/23	CDA	CDA	CDA	west	west	west	west-west-west	957			957	final	fBaseline	/lustre1/g/sbs_dmb/wilson/20240529_MG_exp1_all/2-raw/	/lustre1/g/sbs_dmb/wilson/20240529_MG_exp1_all/2-raw/78_106_1.fastq	/lustre1/g/sbs_dmb/wilson/20240529_MG_exp1_all/2-raw/78_106_2.fastq	216851	194568	89.72	191542	186239	85.88	177953	82.06
68_sessile	68	f	2	nc4	sessile	6/2/20	6/29/21	6/16/22	1/10/23	TPC	CI	TPC	east	east	east	east-east-east	392	352	208	952	resilience	eutrophication	/lustre1/g/sbs_dmb/wilson/20240529_MG_exp1_all/2-raw/	/lustre1/g/sbs_dmb/wilson/20240529_MG_exp1_all/2-raw/68_sessile_1.fastq	/lustre1/g/sbs_dmb/wilson/20240529_MG_exp1_all/2-raw/68_sessile_2.fastq	137946	111784	81.03	109620	106666	77.32	99073	71.82
67_sessile	67	f	2	nc4	sessile	6/2/20	6/29/21		6/7/22	TPC	CI	na	east	east	na	east-east	392	343		735	resistance	eutrophication	/lustre1/g/sbs_dmb/wilson/20240529_MG_exp1_all/2-raw/	/lustre1/g/sbs_dmb/wilson/20240529_MG_exp1_all/2-raw/67_sessile_1.fastq	/lustre1/g/sbs_dmb/wilson/20240529_MG_exp1_all/2-raw/67_sessile_2.fastq	162514	142560	87.72	139554	134089	82.51	128144	78.85
82_sessile	82	f	2	nc4	sessile	6/4/20	7/2/21	6/16/22	1/19/23	CDA	CI	CDA	west	east	west	west-east-west	393	349	217	959	resilience	eutrophication	/lustre1/g/sbs_dmb/wilson/20240529_MG_exp1_all/2-raw/	/lustre1/g/sbs_dmb/wilson/20240529_MG_exp1_all/2-raw/82_sessile_1.fastq	/lustre1/g/sbs_dmb/wilson/20240529_MG_exp1_all/2-raw/82_sessile_2.fastq	170149	146000	85.81	141624	136940	80.48	131510	77.29
68_106	68	f	2	nc3	106	6/2/20	6/29/21	6/16/22	1/10/23	TPC	CI	TPC	east	east	east	east-east-east	392	352	208	952	resilience	eutrophication	/lustre1/g/sbs_dmb/wilson/20240529_MG_exp1_all/2-raw/	/lustre1/g/sbs_dmb/wilson/20240529_MG_exp1_all/2-raw/68_106_1.fastq	/lustre1/g/sbs_dmb/wilson/20240529_MG_exp1_all/2-raw/68_106_2.fastq	170553	153808	90.18	149703	146063	85.64	138609	81.27
80_sessile	80	f	2	nc4	sessile	6/4/20	9/2/21		6/7/22	CDA	CI	na	west	east	na	west-east	455	278		733	resistance	eutrophication	/lustre1/g/sbs_dmb/wilson/20240529_MG_exp1_all/2-raw/	/lustre1/g/sbs_dmb/wilson/20240529_MG_exp1_all/2-raw/80_sessile_1.fastq	/lustre1/g/sbs_dmb/wilson/20240529_MG_exp1_all/2-raw/80_sessile_2.fastq	177803	161423	90.79	159330	154816	87.07	144824	81.45
82_500	82	f	2	nc3	500	6/4/20	7/2/21	6/16/22	1/19/23	CDA	CI	CDA	west	east	west	west-east-west	393	349	217	959	resilience	eutrophication	/lustre1/g/sbs_dmb/wilson/20240529_MG_exp1_all/2-raw/	/lustre1/g/sbs_dmb/wilson/20240529_MG_exp1_all/2-raw/82_500_1.fastq	/lustre1/g/sbs_dmb/wilson/20240529_MG_exp1_all/2-raw/82_500_2.fastq	184770	163409	88.44	162195	151565	82.03	144123	78
68_500	68	f	2	nc3	500	6/2/20	6/29/21	6/16/22	1/10/23	TPC	CI	TPC	east	east	east	east-east-east	392	352	208	952	resilience	eutrophication	/lustre1/g/sbs_dmb/wilson/20240529_MG_exp1_all/2-raw/	/lustre1/g/sbs_dmb/wilson/20240529_MG_exp1_all/2-raw/68_500_1.fastq	/lustre1/g/sbs_dmb/wilson/20240529_MG_exp1_all/2-raw/68_500_2.fastq	189997	168939	88.92	167201	158047	83.18	152890	80.47
82_106	82	f	2	nc3	106	6/4/20	7/2/21	6/16/22	1/19/23	CDA	CI	CDA	west	east	west	west-east-west	393	349	217	959	resilience	eutrophication	/lustre1/g/sbs_dmb/wilson/20240529_MG_exp1_all/2-raw/	/lustre1/g/sbs_dmb/wilson/20240529_MG_exp1_all/2-raw/82_106_1.fastq	/lustre1/g/sbs_dmb/wilson/20240529_MG_exp1_all/2-raw/82_106_2.fastq	190333	169178	88.89	165502	159515	83.81	150865	79.26
67_500	67	f	1	nc2	500	6/2/20	6/29/21		6/7/22	TPC	CI	na	east	east	na	east-east	392	343		735	resistance	eutrophication	/lustre1/g/sbs_dmb/wilson/20240529_MG_exp1_all/2-raw/	/lustre1/g/sbs_dmb/wilson/20240529_MG_exp1_all/2-raw/67_500_1.fastq	/lustre1/g/sbs_dmb/wilson/20240529_MG_exp1_all/2-raw/67_500_2.fastq	226101	206103	91.16	204117	195754	86.58	178375	78.89
80_106	80	f	1	nc1	106	6/4/20	9/2/21		6/7/22	CDA	CI	na	west	east	na	west-east	455	278		733	resistance	eutrophication	/lustre1/g/sbs_dmb/wilson/20240529_MG_exp1_all/2-raw/	/lustre1/g/sbs_dmb/wilson/20240529_MG_exp1_all/2-raw/80_106_1.fastq	/lustre1/g/sbs_dmb/wilson/20240529_MG_exp1_all/2-raw/80_106_2.fastq	234051	204520	87.38	202112	188036	80.34	170289	72.76
67_106	67	f	1	nc1	106	6/2/20	6/29/21		6/7/22	TPC	CI	na	east	east	na	east-east	392	343		735	resistance	eutrophication	/lustre1/g/sbs_dmb/wilson/20240529_MG_exp1_all/2-raw/	/lustre1/g/sbs_dmb/wilson/20240529_MG_exp1_all/2-raw/67_106_1.fastq	/lustre1/g/sbs_dmb/wilson/20240529_MG_exp1_all/2-raw/67_106_2.fastq	238177	210010	88.17	207622	198132	83.19	179914	75.54
80_500	80	f	1	nc2	500	6/4/20	9/2/21		6/7/22	CDA	CI	na	west	east	na	west-east	455	278		733	resistance	eutrophication	/lustre1/g/sbs_dmb/wilson/20240529_MG_exp1_all/2-raw/	/lustre1/g/sbs_dmb/wilson/20240529_MG_exp1_all/2-raw/80_500_1.fastq	/lustre1/g/sbs_dmb/wilson/20240529_MG_exp1_all/2-raw/80_500_2.fastq	260520	235894	90.55	233999	223612	85.83	200537	76.98
84_500	84	f	2	nc3	500	6/4/20	6/30/21	6/16/22	1/19/23	CDA	LM	CDA	west	west	west	west-west-west	391	351	217	959	resilience	fishFarm	/lustre1/g/sbs_dmb/wilson/20240529_MG_exp1_all/2-raw/	/lustre1/g/sbs_dmb/wilson/20240529_MG_exp1_all/2-raw/84_500_1.fastq	/lustre1/g/sbs_dmb/wilson/20240529_MG_exp1_all/2-raw/84_500_2.fastq	129065	117320	90.9	90523	89930	69.68	84939	65.81
57_sessile	57	f	2	nc4	sessile	6/2/20	6/23/21		6/1/22	TPC	LM	na	east	west	na	east-west	386	343		729	resistance	fishFarm	/lustre1/g/sbs_dmb/wilson/20240529_MG_exp1_all/2-raw/	/lustre1/g/sbs_dmb/wilson/20240529_MG_exp1_all/2-raw/57_sessile_1.fastq	/lustre1/g/sbs_dmb/wilson/20240529_MG_exp1_all/2-raw/57_sessile_2.fastq	142999	128615	89.94	126484	118433	82.82	115230	80.58
58_106	58	f	2	nc3	106	6/2/20	6/23/21	6/16/22	1/9/23	TPC	LM	TPC	east	west	east	east-west-east	386	358	207	951	resilience	fishFarm	/lustre1/g/sbs_dmb/wilson/20240529_MG_exp1_all/2-raw/	/lustre1/g/sbs_dmb/wilson/20240529_MG_exp1_all/2-raw/58_106_1.fastq	/lustre1/g/sbs_dmb/wilson/20240529_MG_exp1_all/2-raw/58_106_2.fastq	160645	145675	90.68	142535	138846	86.43	135391	84.28
84_106	84	f	2	nc3	106	6/4/20	6/30/21	6/16/22	1/19/23	CDA	LM	CDA	west	west	west	west-west-west	391	351	217	959	resilience	fishFarm	/lustre1/g/sbs_dmb/wilson/20240529_MG_exp1_all/2-raw/	/lustre1/g/sbs_dmb/wilson/20240529_MG_exp1_all/2-raw/84_106_1.fastq	/lustre1/g/sbs_dmb/wilson/20240529_MG_exp1_all/2-raw/84_106_2.fastq	174478	153048	87.72	149820	146330	83.87	140538	80.55
58_sessile	58	f	2	nc4	sessile	6/2/20	6/23/21	6/16/22	1/9/23	TPC	LM	TPC	east	west	east	east-west-east	386	358	207	951	resilience	fishFarm	/lustre1/g/sbs_dmb/wilson/20240529_MG_exp1_all/2-raw/	/lustre1/g/sbs_dmb/wilson/20240529_MG_exp1_all/2-raw/58_sessile_1.fastq	/lustre1/g/sbs_dmb/wilson/20240529_MG_exp1_all/2-raw/58_sessile_2.fastq	177730	161207	90.7	157246	151069	85	143997	81.02
83_sessile	83	f	2	nc4	sessile	6/4/20	6/30/21		6/1/22	CDA	LM	na	west	west	na	west-west	391	336		727	resistance	fishFarm	/lustre1/g/sbs_dmb/wilson/20240529_MG_exp1_all/2-raw/	/lustre1/g/sbs_dmb/wilson/20240529_MG_exp1_all/2-raw/83_sessile_1.fastq	/lustre1/g/sbs_dmb/wilson/20240529_MG_exp1_all/2-raw/83_sessile_2.fastq	189808	173011	91.15	169110	160726	84.68	156872	82.65
58_500	58	f	2	nc4	500	6/2/20	6/23/21	6/16/22	1/9/23	TPC	LM	TPC	east	west	east	east-west-east	386	358	207	951	resilience	fishFarm	/lustre1/g/sbs_dmb/wilson/20240529_MG_exp1_all/2-raw/	/lustre1/g/sbs_dmb/wilson/20240529_MG_exp1_all/2-raw/58_500_1.fastq	/lustre1/g/sbs_dmb/wilson/20240529_MG_exp1_all/2-raw/58_500_2.fastq	198800	180331	90.71	178569	176689	88.88	168601	84.81
84_sessile	84	f	2	nc4	sessile	6/4/20	6/30/21	6/16/22	1/19/23	CDA	LM	CDA	west	west	west	west-west-west	391	351	217	959	resilience	fishFarm	/lustre1/g/sbs_dmb/wilson/20240529_MG_exp1_all/2-raw/	/lustre1/g/sbs_dmb/wilson/20240529_MG_exp1_all/2-raw/84_sessile_1.fastq	/lustre1/g/sbs_dmb/wilson/20240529_MG_exp1_all/2-raw/84_sessile_2.fastq	203946	185846	91.13	181946	175095	85.85	169295	83.01
83_500	83	f	1	nc2	500	6/4/20	6/30/21		6/1/22	CDA	LM	na	west	west	na	west-west	391	336		727	resistance	fishFarm	/lustre1/g/sbs_dmb/wilson/20240529_MG_exp1_all/2-raw/	/lustre1/g/sbs_dmb/wilson/20240529_MG_exp1_all/2-raw/83_500_1.fastq	/lustre1/g/sbs_dmb/wilson/20240529_MG_exp1_all/2-raw/83_500_2.fastq	222370	196304	88.28	195242	180615	81.22	160821	72.32
83_106	83	f	1	nc1	106	6/4/20	6/30/21		6/1/22	CDA	LM	na	west	west	na	west-west	391	336		727	resistance	fishFarm	/lustre1/g/sbs_dmb/wilson/20240529_MG_exp1_all/2-raw/	/lustre1/g/sbs_dmb/wilson/20240529_MG_exp1_all/2-raw/83_106_1.fastq	/lustre1/g/sbs_dmb/wilson/20240529_MG_exp1_all/2-raw/83_106_2.fastq	239207	210740	88.1	207892	194928	81.49	179744	75.14
57_106	57	f	1	nc1	106	6/2/20	6/23/21		6/1/22	TPC	LM	na	east	west	na	east-west	386	343		729	resistance	fishFarm	/lustre1/g/sbs_dmb/wilson/20240529_MG_exp1_all/2-raw/	/lustre1/g/sbs_dmb/wilson/20240529_MG_exp1_all/2-raw/57_106_1.fastq	/lustre1/g/sbs_dmb/wilson/20240529_MG_exp1_all/2-raw/57_106_2.fastq	241716	220920	91.4	218372	204680	84.68	186769	77.27
57_500	57	f	1	nc2	500	6/2/20	6/23/21		6/1/22	TPC	LM	na	east	west	na	east-west	386	343		729	resistance	fishFarm	/lustre1/g/sbs_dmb/wilson/20240529_MG_exp1_all/2-raw/	/lustre1/g/sbs_dmb/wilson/20240529_MG_exp1_all/2-raw/57_500_1.fastq	/lustre1/g/sbs_dmb/wilson/20240529_MG_exp1_all/2-raw/57_500_2.fastq	266196	239084	89.82	237790	221107	83.06	196088	73.66
81_500	81	f	1	nc2	500	6/4/20			6/2/22	CDA	na	na	west	west	na	west-west	728			728	middle	mBaseline	/lustre1/g/sbs_dmb/wilson/20240529_MG_exp1_all/2-raw/	/lustre1/g/sbs_dmb/wilson/20240529_MG_exp1_all/2-raw/81_500_1.fastq	/lustre1/g/sbs_dmb/wilson/20240529_MG_exp1_all/2-raw/81_500_2.fastq	129009	114745	88.94	113784	108497	84.1	101512	78.69
70_sessile	70	f	2	nc4	sessile	6/2/20			6/14/22	TPC	na	na	east	east	na	east-east	742			742	middle	mBaseline	/lustre1/g/sbs_dmb/wilson/20240529_MG_exp1_all/2-raw/	/lustre1/g/sbs_dmb/wilson/20240529_MG_exp1_all/2-raw/70_sessile_1.fastq	/lustre1/g/sbs_dmb/wilson/20240529_MG_exp1_all/2-raw/70_sessile_2.fastq	137877	118473	85.93	116170	113026	81.98	103587	75.13
89_sessile	89	f	2	nc4	sessile	6/4/20			6/24/21	CDA	na	na	west	na	na	west	385			385	initial	iBaseline	/lustre1/g/sbs_dmb/wilson/20240529_MG_exp1_all/2-raw/	/lustre1/g/sbs_dmb/wilson/20240529_MG_exp1_all/2-raw/89_sessile_1.fastq	/lustre1/g/sbs_dmb/wilson/20240529_MG_exp1_all/2-raw/89_sessile_2.fastq	150820	137601	91.24	133518	128801	85.4	124030	82.24
56_sessile	56	f	2	nc4	sessile	6/2/20			6/25/21	TPC	na	na	east	na	na	east	388			388	initial	iBaseline	/lustre1/g/sbs_dmb/wilson/20240529_MG_exp1_all/2-raw/	/lustre1/g/sbs_dmb/wilson/20240529_MG_exp1_all/2-raw/56_sessile_1.fastq	/lustre1/g/sbs_dmb/wilson/20240529_MG_exp1_all/2-raw/56_sessile_2.fastq	166056	152108	91.6	147353	141163	85.01	134777	81.16
79_sessile	79	f	2	nc4	sessile	6/4/20			6/2/22	CDA	na	na	west	west	na	west-west	728			728	middle	mBaseline	/lustre1/g/sbs_dmb/wilson/20240529_MG_exp1_all/2-raw/	/lustre1/g/sbs_dmb/wilson/20240529_MG_exp1_all/2-raw/79_sessile_1.fastq	/lustre1/g/sbs_dmb/wilson/20240529_MG_exp1_all/2-raw/79_sessile_2.fastq	171786	156227	90.94	153269	147895	86.09	142708	83.07
81_sessile	81	f	2	nc4	sessile	6/4/20			6/2/22	CDA	na	na	west	west	na	west-west	728			728	middle	mBaseline	/lustre1/g/sbs_dmb/wilson/20240529_MG_exp1_all/2-raw/	/lustre1/g/sbs_dmb/wilson/20240529_MG_exp1_all/2-raw/81_sessile_1.fastq	/lustre1/g/sbs_dmb/wilson/20240529_MG_exp1_all/2-raw/81_sessile_2.fastq	182745	166548	91.14	162458	156806	85.81	152611	83.51
90_106	90	f	1	nc1	106	6/4/20			6/24/21	CDA	na	na	west	na	na	west	385			385	initial	iBaseline	/lustre1/g/sbs_dmb/wilson/20240529_MG_exp1_all/2-raw/	/lustre1/g/sbs_dmb/wilson/20240529_MG_exp1_all/2-raw/90_106_1.fastq	/lustre1/g/sbs_dmb/wilson/20240529_MG_exp1_all/2-raw/90_106_2.fastq	192781	176374	91.49	174013	165012	85.6	154843	80.32
55_sessile	55	f	2	nc4	sessile	6/2/20			6/25/21	TPC	na	na	east	na	na	east	388			388	initial	iBaseline	/lustre1/g/sbs_dmb/wilson/20240529_MG_exp1_all/2-raw/	/lustre1/g/sbs_dmb/wilson/20240529_MG_exp1_all/2-raw/55_sessile_1.fastq	/lustre1/g/sbs_dmb/wilson/20240529_MG_exp1_all/2-raw/55_sessile_2.fastq	194884	179793	92.26	175797	168969	86.7	159616	81.9
70_500	70	f	1	nc2	500	6/2/20			6/14/22	TPC	na	na	east	east	na	east-east	742			742	middle	mBaseline	/lustre1/g/sbs_dmb/wilson/20240529_MG_exp1_all/2-raw/	/lustre1/g/sbs_dmb/wilson/20240529_MG_exp1_all/2-raw/70_500_1.fastq	/lustre1/g/sbs_dmb/wilson/20240529_MG_exp1_all/2-raw/70_500_2.fastq	196070	179731	91.67	178566	170751	87.09	157445	80.3
81_106	81	f	1	nc1	106	6/4/20			6/2/22	CDA	na	na	west	west	na	west-west	728			728	middle	mBaseline	/lustre1/g/sbs_dmb/wilson/20240529_MG_exp1_all/2-raw/	/lustre1/g/sbs_dmb/wilson/20240529_MG_exp1_all/2-raw/81_106_1.fastq	/lustre1/g/sbs_dmb/wilson/20240529_MG_exp1_all/2-raw/81_106_2.fastq	207472	189524	91.35	187874	180126	86.82	165875	79.95
90_sessile	90	f	2	nc4	sessile	6/4/20			6/24/21	CDA	na	na	west	na	na	west	385			385	initial	iBaseline	/lustre1/g/sbs_dmb/wilson/20240529_MG_exp1_all/2-raw/	/lustre1/g/sbs_dmb/wilson/20240529_MG_exp1_all/2-raw/90_sessile_1.fastq	/lustre1/g/sbs_dmb/wilson/20240529_MG_exp1_all/2-raw/90_sessile_2.fastq	208793	191020	91.49	187211	181621	86.99	173011	82.86
55_106	55	f	1	nc1	106	6/2/20			6/25/21	TPC	na	na	east	na	na	east	388			388	initial	iBaseline	/lustre1/g/sbs_dmb/wilson/20240529_MG_exp1_all/2-raw/	/lustre1/g/sbs_dmb/wilson/20240529_MG_exp1_all/2-raw/55_106_1.fastq	/lustre1/g/sbs_dmb/wilson/20240529_MG_exp1_all/2-raw/55_106_2.fastq	210543	187609	89.11	185396	177955	84.52	161810	76.85
55_500	55	f	1	nc2	500	6/2/20			6/25/21	TPC	na	na	east	na	na	east	388			388	initial	iBaseline	/lustre1/g/sbs_dmb/wilson/20240529_MG_exp1_all/2-raw/	/lustre1/g/sbs_dmb/wilson/20240529_MG_exp1_all/2-raw/55_500_1.fastq	/lustre1/g/sbs_dmb/wilson/20240529_MG_exp1_all/2-raw/55_500_2.fastq	214303	191383	89.3	190037	178868	83.47	166371	77.63
69_sessile	69	f	2	nc4	sessile	6/2/20			6/14/22	TPC	na	na	east	east	na	east-east	742			742	middle	mBaseline	/lustre1/g/sbs_dmb/wilson/20240529_MG_exp1_all/2-raw/	/lustre1/g/sbs_dmb/wilson/20240529_MG_exp1_all/2-raw/69_sessile_1.fastq	/lustre1/g/sbs_dmb/wilson/20240529_MG_exp1_all/2-raw/69_sessile_2.fastq	215106	197015	91.59	193237	186158	86.54	176212	81.92
56_106	56	f	1	nc1	106	6/2/20			6/25/21	TPC	na	na	east	na	na	east	388			388	initial	iBaseline	/lustre1/g/sbs_dmb/wilson/20240529_MG_exp1_all/2-raw/	/lustre1/g/sbs_dmb/wilson/20240529_MG_exp1_all/2-raw/56_106_1.fastq	/lustre1/g/sbs_dmb/wilson/20240529_MG_exp1_all/2-raw/56_106_2.fastq	224372	197974	88.23	195905	187432	83.54	173804	77.46
69_106	69	f	1	nc1	106	6/2/20			6/14/22	TPC	na	na	east	east	na	east-east	742			742	middle	mBaseline	/lustre1/g/sbs_dmb/wilson/20240529_MG_exp1_all/2-raw/	/lustre1/g/sbs_dmb/wilson/20240529_MG_exp1_all/2-raw/69_106_1.fastq	/lustre1/g/sbs_dmb/wilson/20240529_MG_exp1_all/2-raw/69_106_2.fastq	231090	212830	92.1	210521	202527	87.64	185887	80.44
89_500	89	f	1	nc2	500	6/4/20			6/24/21	CDA	na	na	west	na	na	west	385			385	initial	iBaseline	/lustre1/g/sbs_dmb/wilson/20240529_MG_exp1_all/2-raw/	/lustre1/g/sbs_dmb/wilson/20240529_MG_exp1_all/2-raw/89_500_1.fastq	/lustre1/g/sbs_dmb/wilson/20240529_MG_exp1_all/2-raw/89_500_2.fastq	241938	208016	85.98	207015	193250	79.88	174511	72.13
79_500	79	f	1	nc2	500	6/4/20			6/2/22	CDA	na	na	west	west	na	west-west	728			728	middle	mBaseline	/lustre1/g/sbs_dmb/wilson/20240529_MG_exp1_all/2-raw/	/lustre1/g/sbs_dmb/wilson/20240529_MG_exp1_all/2-raw/79_500_1.fastq	/lustre1/g/sbs_dmb/wilson/20240529_MG_exp1_all/2-raw/79_500_2.fastq	250443	225464	90.03	224005	212925	85.02	194857	77.8
69_500	69	f	1	nc2	500	6/2/20			6/14/22	TPC	na	na	east	east	na	east-east	742			742	middle	mBaseline	/lustre1/g/sbs_dmb/wilson/20240529_MG_exp1_all/2-raw/	/lustre1/g/sbs_dmb/wilson/20240529_MG_exp1_all/2-raw/69_500_1.fastq	/lustre1/g/sbs_dmb/wilson/20240529_MG_exp1_all/2-raw/69_500_2.fastq	252690	233138	92.26	231139	220372	87.21	202093	79.98
70_106	70	f	1	nc1	106	6/2/20			6/14/22	TPC	na	na	east	east	na	east-east	742			742	middle	mBaseline	/lustre1/g/sbs_dmb/wilson/20240529_MG_exp1_all/2-raw/	/lustre1/g/sbs_dmb/wilson/20240529_MG_exp1_all/2-raw/70_106_1.fastq	/lustre1/g/sbs_dmb/wilson/20240529_MG_exp1_all/2-raw/70_106_2.fastq	260296	238156	91.49	235843	227531	87.41	206788	79.44
89_106	89	f	1	nc1	106	6/4/20			6/24/21	CDA	na	na	west	na	na	west	385			385	initial	iBaseline	/lustre1/g/sbs_dmb/wilson/20240529_MG_exp1_all/2-raw/	/lustre1/g/sbs_dmb/wilson/20240529_MG_exp1_all/2-raw/89_106_1.fastq	/lustre1/g/sbs_dmb/wilson/20240529_MG_exp1_all/2-raw/89_106_2.fastq	266106	246878	92.77	245101	237105	89.1	205317	77.16
90_500	90	f	1	nc2	500	6/4/20			6/24/21	CDA	na	na	west	na	na	west	385			385	initial	iBaseline	/lustre1/g/sbs_dmb/wilson/20240529_MG_exp1_all/2-raw/	/lustre1/g/sbs_dmb/wilson/20240529_MG_exp1_all/2-raw/90_500_1.fastq	/lustre1/g/sbs_dmb/wilson/20240529_MG_exp1_all/2-raw/90_500_2.fastq	271520	246546	90.8	245410	232216	85.52	207889	76.56
79_106	79	f	1	nc1	106	6/4/20			6/2/22	CDA	na	na	west	west	na	west-west	728			728	middle	mBaseline	/lustre1/g/sbs_dmb/wilson/20240529_MG_exp1_all/2-raw/	/lustre1/g/sbs_dmb/wilson/20240529_MG_exp1_all/2-raw/79_106_1.fastq	/lustre1/g/sbs_dmb/wilson/20240529_MG_exp1_all/2-raw/79_106_2.fastq	290951	264878	91.04	262633	251001	86.27	230348	79.17
56_500	56	f	1	nc2	500	6/2/20			6/25/21	TPC	na	na	east	na	na	east	388			388	initial	iBaseline	/lustre1/g/sbs_dmb/wilson/20240529_MG_exp1_all/2-raw/	/lustre1/g/sbs_dmb/wilson/20240529_MG_exp1_all/2-raw/56_500_1.fastq	/lustre1/g/sbs_dmb/wilson/20240529_MG_exp1_all/2-raw/56_500_2.fastq	304061	276876	91.06	275281	261007	85.84	237792	78.21
62_sessile	62	f	2	nc4	sessile	6/2/20	6/23/21	6/16/22	1/10/23	TPC	PC	TPC	east	west	east	east-west-east	386	358	208	952	resilience	eutrophication	/lustre1/g/sbs_dmb/wilson/20240529_MG_exp1_all/2-raw/	/lustre1/g/sbs_dmb/wilson/20240529_MG_exp1_all/2-raw/62_sessile_1.fastq	/lustre1/g/sbs_dmb/wilson/20240529_MG_exp1_all/2-raw/62_sessile_2.fastq	122185	110998	90.84	107416	103427	84.65	97034	79.42
88_sessile	88	f	2	nc4	sessile	6/4/20	6/30/21		6/16/22	CDA	PC	na	west	west	na	west-west	391	351		742	resistance	eutrophication	/lustre1/g/sbs_dmb/wilson/20240529_MG_exp1_all/2-raw/	/lustre1/g/sbs_dmb/wilson/20240529_MG_exp1_all/2-raw/88_sessile_1.fastq	/lustre1/g/sbs_dmb/wilson/20240529_MG_exp1_all/2-raw/88_sessile_2.fastq	133543	120013	89.87	116908	112857	84.51	108301	81.1
87_500	87	f	2	nc3	500	6/4/20	6/30/21	6/16/22	1/20/23	CDA	PC	CDA	west	west	west	west-west-west	391	351	218	960	resilience	eutrophication	/lustre1/g/sbs_dmb/wilson/20240529_MG_exp1_all/2-raw/	/lustre1/g/sbs_dmb/wilson/20240529_MG_exp1_all/2-raw/87_500_1.fastq	/lustre1/g/sbs_dmb/wilson/20240529_MG_exp1_all/2-raw/87_500_2.fastq	145815	129653	88.92	128555	123094	84.42	118384	81.19
62_500	62	f	2	nc3	500	6/2/20	6/23/21	6/16/22	1/10/23	TPC	PC	TPC	east	west	east	east-west-east	386	358	208	952	resilience	eutrophication	/lustre1/g/sbs_dmb/wilson/20240529_MG_exp1_all/2-raw/	/lustre1/g/sbs_dmb/wilson/20240529_MG_exp1_all/2-raw/62_500_1.fastq	/lustre1/g/sbs_dmb/wilson/20240529_MG_exp1_all/2-raw/62_500_2.fastq	156853	142013	90.54	139158	134272	85.6	121075	77.19
61_106	61	f	1	nc1	106	6/2/20	6/23/21		6/16/22	TPC	PC	na	east	west	na	east-west	386	358		744	resistance	eutrophication	/lustre1/g/sbs_dmb/wilson/20240529_MG_exp1_all/2-raw/	/lustre1/g/sbs_dmb/wilson/20240529_MG_exp1_all/2-raw/61_106_1.fastq	/lustre1/g/sbs_dmb/wilson/20240529_MG_exp1_all/2-raw/61_106_2.fastq	166590	150597	90.4	148785	140209	84.16	131835	79.14
88_106	88	f	1	nc1	106	6/4/20	6/30/21		6/16/22	CDA	PC	na	west	west	na	west-west	391	351		742	resistance	eutrophication	/lustre1/g/sbs_dmb/wilson/20240529_MG_exp1_all/2-raw/	/lustre1/g/sbs_dmb/wilson/20240529_MG_exp1_all/2-raw/88_106_1.fastq	/lustre1/g/sbs_dmb/wilson/20240529_MG_exp1_all/2-raw/88_106_2.fastq	177510	161678	91.08	160019	154896	87.26	142456	80.25
87_sessile	87	f	2	nc4	sessile	6/4/20	6/30/21	6/16/22	1/20/23	CDA	PC	CDA	west	west	west	west-west-west	391	351	218	960	resilience	eutrophication	/lustre1/g/sbs_dmb/wilson/20240529_MG_exp1_all/2-raw/	/lustre1/g/sbs_dmb/wilson/20240529_MG_exp1_all/2-raw/87_sessile_1.fastq	/lustre1/g/sbs_dmb/wilson/20240529_MG_exp1_all/2-raw/87_sessile_2.fastq	185234	170673	92.14	167477	160770	86.79	155350	83.87
61_sessile	61	f	2	nc4	sessile	6/2/20	6/23/21		6/16/22	TPC	PC	na	east	west	na	east-west	386	358		744	resistance	eutrophication	/lustre1/g/sbs_dmb/wilson/20240529_MG_exp1_all/2-raw/	/lustre1/g/sbs_dmb/wilson/20240529_MG_exp1_all/2-raw/61_sessile_1.fastq	/lustre1/g/sbs_dmb/wilson/20240529_MG_exp1_all/2-raw/61_sessile_2.fastq	189894	172755	90.97	170446	166340	87.6	159267	83.87
62_106	62	f	2	nc4	106	6/2/20	6/23/21	6/16/22	1/10/23	TPC	PC	TPC	east	west	east	east-west-east	386	358	208	952	resilience	eutrophication	/lustre1/g/sbs_dmb/wilson/20240529_MG_exp1_all/2-raw/	/lustre1/g/sbs_dmb/wilson/20240529_MG_exp1_all/2-raw/62_106_1.fastq	/lustre1/g/sbs_dmb/wilson/20240529_MG_exp1_all/2-raw/62_106_2.fastq	201011	179110	89.1	175774	170170	84.66	157838	78.52
88_500	88	f	1	nc2	500	6/4/20	6/30/21		6/16/22	CDA	PC	na	west	west	na	west-west	391	351		742	resistance	eutrophication	/lustre1/g/sbs_dmb/wilson/20240529_MG_exp1_all/2-raw/	/lustre1/g/sbs_dmb/wilson/20240529_MG_exp1_all/2-raw/88_500_1.fastq	/lustre1/g/sbs_dmb/wilson/20240529_MG_exp1_all/2-raw/88_500_2.fastq	239131	220894	92.37	220092	215973	90.32	196071	81.99
61_500	61	f	1	nc2	500	6/2/20	6/23/21		6/16/22	TPC	PC	na	east	west	na	east-west	386	358		744	resistance	eutrophication	/lustre1/g/sbs_dmb/wilson/20240529_MG_exp1_all/2-raw/	/lustre1/g/sbs_dmb/wilson/20240529_MG_exp1_all/2-raw/61_500_1.fastq	/lustre1/g/sbs_dmb/wilson/20240529_MG_exp1_all/2-raw/61_500_2.fastq	269735	251723	93.32	250613	243838	90.4	216877	80.4
87_106	87	f	2	nc3	106	6/4/20	6/30/21	6/16/22	1/20/23	CDA	PC	CDA	west	west	west	west-west-west	391	351	218	960	resilience	eutrophication	/lustre1/g/sbs_dmb/wilson/20240529_MG_exp1_all/2-raw/	/lustre1/g/sbs_dmb/wilson/20240529_MG_exp1_all/2-raw/87_106_1.fastq	/lustre1/g/sbs_dmb/wilson/20240529_MG_exp1_all/2-raw/87_106_2.fastq	292623	255332	87.26	250541	242062	82.72	228697	78.15
66_500	66	f	2	nc4	500	6/2/20	6/28/21	6/16/22	1/12/23	TPC	SK	TPC	east	east	east	east-east-east	391	353	210	954	resilience	fishFarm	/lustre1/g/sbs_dmb/wilson/20240529_MG_exp1_all/2-raw/	/lustre1/g/sbs_dmb/wilson/20240529_MG_exp1_all/2-raw/66_500_1.fastq	/lustre1/g/sbs_dmb/wilson/20240529_MG_exp1_all/2-raw/66_500_2.fastq	133687	119413	89.32	117011	112114	83.86	108589	81.23
66_106	66	f	2	nc3	106	6/2/20	6/28/21	6/16/22	1/12/23	TPC	SK	TPC	east	east	east	east-east-east	391	353	210	954	resilience	fishFarm	/lustre1/g/sbs_dmb/wilson/20240529_MG_exp1_all/2-raw/	/lustre1/g/sbs_dmb/wilson/20240529_MG_exp1_all/2-raw/66_106_1.fastq	/lustre1/g/sbs_dmb/wilson/20240529_MG_exp1_all/2-raw/66_106_2.fastq	135262	119335	88.23	115410	111990	82.79	108214	80
75_sessile	75	f	2	nc4	sessile	6/4/20	6/24/21		6/6/22	CDA	SK	na	west	east	na	west-east	385	347		732	resistance	fishFarm	/lustre1/g/sbs_dmb/wilson/20240529_MG_exp1_all/2-raw/	/lustre1/g/sbs_dmb/wilson/20240529_MG_exp1_all/2-raw/75_sessile_1.fastq	/lustre1/g/sbs_dmb/wilson/20240529_MG_exp1_all/2-raw/75_sessile_2.fastq	144452	131382	90.95	128831	121784	84.31	116352	80.55
66_sessile	66	f	2	nc4	sessile	6/2/20	6/28/21	6/16/22	1/12/23	TPC	SK	TPC	east	east	east	east-east-east	391	353	210	954	resilience	fishFarm	/lustre1/g/sbs_dmb/wilson/20240529_MG_exp1_all/2-raw/	/lustre1/g/sbs_dmb/wilson/20240529_MG_exp1_all/2-raw/66_sessile_1.fastq	/lustre1/g/sbs_dmb/wilson/20240529_MG_exp1_all/2-raw/66_sessile_2.fastq	145469	131545	90.43	129032	124671	85.7	120437	82.79
65_sessile	65	f	2	nc4	sessile	6/2/20	6/28/21		6/6/22	TPC	SK	na	east	east	na	east-east	391	343		734	resistance	fishFarm	/lustre1/g/sbs_dmb/wilson/20240529_MG_exp1_all/2-raw/	/lustre1/g/sbs_dmb/wilson/20240529_MG_exp1_all/2-raw/65_sessile_1.fastq	/lustre1/g/sbs_dmb/wilson/20240529_MG_exp1_all/2-raw/65_sessile_2.fastq	145534	130785	89.87	129097	126917	87.21	120180	82.58
76_500	76	f	2	nc3	500	6/4/20	6/24/21	6/16/22	1/16/23	CDA	SK	CDA	west	east	west	west-east-west	385	357	214	956	resilience	fishFarm	/lustre1/g/sbs_dmb/wilson/20240529_MG_exp1_all/2-raw/	/lustre1/g/sbs_dmb/wilson/20240529_MG_exp1_all/2-raw/76_500_1.fastq	/lustre1/g/sbs_dmb/wilson/20240529_MG_exp1_all/2-raw/76_500_2.fastq	186819	165662	88.68	164659	159830	85.55	152331	81.54
65_106	65	f	1	nc1	106	6/2/20	6/28/21		6/6/22	TPC	SK	na	east	east	na	east-east	391	343		734	resistance	fishFarm	/lustre1/g/sbs_dmb/wilson/20240529_MG_exp1_all/2-raw/	/lustre1/g/sbs_dmb/wilson/20240529_MG_exp1_all/2-raw/65_106_1.fastq	/lustre1/g/sbs_dmb/wilson/20240529_MG_exp1_all/2-raw/65_106_2.fastq	200498	177346	88.45	174984	163524	81.56	150107	74.87
76_sessile	76	f	2	nc4	sessile	6/4/20	6/24/21	6/16/22	1/16/23	CDA	SK	CDA	west	east	west	west-east-west	385	357	214	956	resilience	fishFarm	/lustre1/g/sbs_dmb/wilson/20240529_MG_exp1_all/2-raw/	/lustre1/g/sbs_dmb/wilson/20240529_MG_exp1_all/2-raw/76_sessile_1.fastq	/lustre1/g/sbs_dmb/wilson/20240529_MG_exp1_all/2-raw/76_sessile_2.fastq	219479	177618	80.93	174872	169565	77.26	162679	74.12
65_500	65	f	1	nc2	500	6/2/20	6/28/21		6/6/22	TPC	SK	na	east	east	na	east-east	391	343		734	resistance	fishFarm	/lustre1/g/sbs_dmb/wilson/20240529_MG_exp1_all/2-raw/	/lustre1/g/sbs_dmb/wilson/20240529_MG_exp1_all/2-raw/65_500_1.fastq	/lustre1/g/sbs_dmb/wilson/20240529_MG_exp1_all/2-raw/65_500_2.fastq	223672	193309	86.43	191551	182155	81.44	166527	74.45
76_106	76	f	2	nc3	106	6/4/20	6/24/21	6/16/22	1/16/23	CDA	SK	CDA	west	east	west	west-east-west	385	357	214	956	resilience	fishFarm	/lustre1/g/sbs_dmb/wilson/20240529_MG_exp1_all/2-raw/	/lustre1/g/sbs_dmb/wilson/20240529_MG_exp1_all/2-raw/76_106_1.fastq	/lustre1/g/sbs_dmb/wilson/20240529_MG_exp1_all/2-raw/76_106_2.fastq	241100	212829	88.27	208855	204316	84.74	195536	81.1
75_500	75	f	1	nc2	500	6/4/20	6/24/21		6/6/22	CDA	SK	na	west	east	na	west-east	385	347		732	resistance	fishFarm	/lustre1/g/sbs_dmb/wilson/20240529_MG_exp1_all/2-raw/	/lustre1/g/sbs_dmb/wilson/20240529_MG_exp1_all/2-raw/75_500_1.fastq	/lustre1/g/sbs_dmb/wilson/20240529_MG_exp1_all/2-raw/75_500_2.fastq	266851	248679	93.19	246830	241719	90.58	221120	82.86
75_106	75	f	1	nc1	106	6/4/20	6/24/21		6/6/22	CDA	SK	na	west	east	na	west-east	385	347		732	resistance	fishFarm	/lustre1/g/sbs_dmb/wilson/20240529_MG_exp1_all/2-raw/	/lustre1/g/sbs_dmb/wilson/20240529_MG_exp1_all/2-raw/75_106_1.fastq	/lustre1/g/sbs_dmb/wilson/20240529_MG_exp1_all/2-raw/75_106_2.fastq	268296	244184	91.01	241124	227942	84.96	211613	78.87
71_sessile	71	f	2	nc4	sessile	6/2/20			1/13/23	TPC	TPC	TPC	east	east	east	east-east-east	955			955	final	fBaseline	/lustre1/g/sbs_dmb/wilson/20240529_MG_exp1_all/2-raw/	/lustre1/g/sbs_dmb/wilson/20240529_MG_exp1_all/2-raw/71_sessile_1.fastq	/lustre1/g/sbs_dmb/wilson/20240529_MG_exp1_all/2-raw/71_sessile_2.fastq	126577	114526	90.48	111516	106014	83.75	103223	81.55
72_106	72	f	2	nc3	106	6/2/20			1/13/23	TPC	TPC	TPC	east	east	east	east-east-east	955			955	final	fBaseline	/lustre1/g/sbs_dmb/wilson/20240529_MG_exp1_all/2-raw/	/lustre1/g/sbs_dmb/wilson/20240529_MG_exp1_all/2-raw/72_106_1.fastq	/lustre1/g/sbs_dmb/wilson/20240529_MG_exp1_all/2-raw/72_106_2.fastq	158199	143797	90.9	140713	135412	85.6	129464	81.84
72_500	72	f	2	nc3	500	6/2/20			1/13/23	TPC	TPC	TPC	east	east	east	east-east-east	955			955	final	fBaseline	/lustre1/g/sbs_dmb/wilson/20240529_MG_exp1_all/2-raw/	/lustre1/g/sbs_dmb/wilson/20240529_MG_exp1_all/2-raw/72_500_1.fastq	/lustre1/g/sbs_dmb/wilson/20240529_MG_exp1_all/2-raw/72_500_2.fastq	161976	144532	89.23	143017	134401	82.98	129936	80.22
72_sessile	72	f	2	nc4	sessile	6/2/20			1/13/23	TPC	TPC	TPC	east	east	east	east-east-east	955			955	final	fBaseline	/lustre1/g/sbs_dmb/wilson/20240529_MG_exp1_all/2-raw/	/lustre1/g/sbs_dmb/wilson/20240529_MG_exp1_all/2-raw/72_sessile_1.fastq	/lustre1/g/sbs_dmb/wilson/20240529_MG_exp1_all/2-raw/72_sessile_2.fastq	162707	146250	89.89	144231	140132	86.13	134149	82.45
71_500	71	f	2	nc3	500	6/2/20			1/13/23	TPC	TPC	TPC	east	east	east	east-east-east	955			955	final	fBaseline	/lustre1/g/sbs_dmb/wilson/20240529_MG_exp1_all/2-raw/	/lustre1/g/sbs_dmb/wilson/20240529_MG_exp1_all/2-raw/71_500_1.fastq	/lustre1/g/sbs_dmb/wilson/20240529_MG_exp1_all/2-raw/71_500_2.fastq	180472	163455	90.57	161377	157193	87.1	153692	85.16
71_106	71	f	2	nc3	106	6/2/20			1/13/23	TPC	TPC	TPC	east	east	east	east-east-east	955			955	final	fBaseline	/lustre1/g/sbs_dmb/wilson/20240529_MG_exp1_all/2-raw/	/lustre1/g/sbs_dmb/wilson/20240529_MG_exp1_all/2-raw/71_106_1.fastq	/lustre1/g/sbs_dmb/wilson/20240529_MG_exp1_all/2-raw/71_106_2.fastq	180965	163064	90.11	159623	156259	86.35	146514	80.96
nc1	na	f	1	nc1																0		negativeControl	/lustre1/g/sbs_dmb/wilson/20240529_MG_exp1_all/2-raw/	/lustre1/g/sbs_dmb/wilson/20240529_MG_exp1_all/2-raw/nc1_1.fastq	/lustre1/g/sbs_dmb/wilson/20240529_MG_exp1_all/2-raw/nc1_2.fastq	6344	3362	52.99	3356	3346	52.74	3261	51.4
nc3	na	f	2	nc3																0		negativeControl	/lustre1/g/sbs_dmb/wilson/20240529_MG_exp1_all/2-raw/	/lustre1/g/sbs_dmb/wilson/20240529_MG_exp1_all/2-raw/nc3_1.fastq	/lustre1/g/sbs_dmb/wilson/20240529_MG_exp1_all/2-raw/nc3_2.fastq	8760	1044	11.92	1027	999	11.4	999	11.4
nc2	na	f	1	nc2																0		negativeControl	/lustre1/g/sbs_dmb/wilson/20240529_MG_exp1_all/2-raw/	/lustre1/g/sbs_dmb/wilson/20240529_MG_exp1_all/2-raw/nc2_1.fastq	/lustre1/g/sbs_dmb/wilson/20240529_MG_exp1_all/2-raw/nc2_2.fastq	39142	21873	55.88	21823	20768	53.06	20469	52.29
nc4	na	f	2	nc4																0		negativeControl	/lustre1/g/sbs_dmb/wilson/20240529_MG_exp1_all/2-raw/	/lustre1/g/sbs_dmb/wilson/20240529_MG_exp1_all/2-raw/nc4_1.fastq	/lustre1/g/sbs_dmb/wilson/20240529_MG_exp1_all/2-raw/nc4_2.fastq	77047	29431	38.2	29292	29042	37.69	28726	37.28